ADYYc2Ftc3VuZw,AndroidAP1,B-Block,B-block-106,B4Xj-cmFraQ,C,D,D-Link_DIR-524,DIRECT-c3-athene_f,HP-Print-02-LaserJet Pro MFP,HP-Print-10-LaserJet Pro MFP,LRC_1,LRC_2,Mavi,Micromax Q4251,Pranay ,VLSIDESIGN_LAB,_id,akansha verma,cellID,dlink,dlink_pksingh,ellijah sentra,geekishh,iPhone,pankaj mimani,torr,vivo 1727,x,y,cellid_
100.0,100.0,100.0,100.0,100.0,-71.0,100.0,100.0,100.0,-85.0,100.0,100.0,100.0,100.0,100.0,100.0,-80.0,{'$oid': '5b656b000495aa0008249cdb'},100.0,1,100.0,100.0,100.0,100.0,100.0,100.0,100.0,100.0,7,14,296
100.0,100.0,100.0,100.0,100.0,-71.0,100.0,100.0,100.0,-86.0,100.0,100.0,100.0,100.0,100.0,100.0,-76.0,{'$oid': '5b656b250495aa0008249cdc'},100.0,2,100.0,100.0,100.0,100.0,100.0,100.0,100.0,100.0,7,15,297
100.0,100.0,100.0,100.0,100.0,-63.0,100.0,100.0,100.0,-86.0,100.0,100.0,100.0,100.0,100.0,100.0,-72.0,{'$oid': '5b656b390495aa0008249cde'},100.0,3,100.0,100.0,100.0,100.0,100.0,100.0,100.0,100.0,7,16,298
100.0,100.0,100.0,100.0,100.0,-62.0,100.0,100.0,100.0,-86.0,100.0,100.0,100.0,100.0,100.0,100.0,-72.0,{'$oid': '5b656b600495aa0008249ce1'},100.0,4,100.0,100.0,100.0,100.0,100.0,100.0,100.0,100.0,7,17,299
100.0,100.0,100.0,100.0,100.0,-59.0,100.0,100.0,100.0,-87.0,100.0,100.0,100.0,100.0,100.0,100.0,-75.0,{'$oid': '5b656b780495aa0009dc0dae'},100.0,5,100.0,100.0,100.0,100.0,100.0,100.0,100.0,100.0,7,18,300
100.0,100.0,100.0,100.0,100.0,-65.0,100.0,100.0,100.0,-87.0,100.0,100.0,100.0,100.0,100.0,100.0,-74.0,{'$oid': '5b656b9c0495aa0009dc0db0'},100.0,6,100.0,100.0,100.0,100.0,100.0,100.0,100.0,100.0,7,19,301
100.0,100.0,100.0,100.0,100.0,-58.0,100.0,100.0,100.0,-82.0,100.0,100.0,100.0,100.0,100.0,100.0,-66.0,{'$oid': '5b656c230495aa0008249ce2'},100.0,21,100.0,100.0,100.0,100.0,100.0,100.0,100.0,100.0,8,14,343
100.0,100.0,100.0,100.0,100.0,-64.0,100.0,100.0,100.0,-83.0,100.0,100.0,100.0,100.0,100.0,100.0,-72.0,{'$oid': '5b656c310495aa0009dc0db1'},100.0,22,100.0,100.0,100.0,100.0,100.0,100.0,100.0,100.0,8,15,344
100.0,100.0,100.0,100.0,100.0,-61.0,100.0,100.0,100.0,-84.0,100.0,100.0,100.0,100.0,100.0,100.0,-71.0,{'$oid': '5b656c4a0495aa0009dc0db2'},100.0,23,100.0,100.0,100.0,100.0,100.0,100.0,100.0,100.0,8,16,345
100.0,100.0,100.0,100.0,100.0,-64.0,100.0,100.0,100.0,-84.0,100.0,100.0,100.0,100.0,100.0,100.0,-72.0,{'$oid': '5b656c5c0495aa0008249ce3'},100.0,24,100.0,100.0,100.0,100.0,100.0,100.0,100.0,100.0,8,17,346
100.0,100.0,100.0,100.0,100.0,-59.0,100.0,100.0,100.0,-78.0,100.0,100.0,-91.0,100.0,100.0,100.0,-77.0,{'$oid': '5b656c7e0495aa0009dc0db3'},100.0,25,100.0,100.0,100.0,100.0,100.0,100.0,100.0,100.0,8,18,347
100.0,100.0,100.0,100.0,100.0,-63.0,100.0,100.0,100.0,-86.0,100.0,100.0,100.0,100.0,-90.0,100.0,-77.0,{'$oid': '5b656cd30495aa0008249ce4'},100.0,7,100.0,100.0,100.0,100.0,100.0,100.0,100.0,100.0,7,20,302
100.0,100.0,100.0,100.0,100.0,-63.0,100.0,100.0,100.0,-83.0,100.0,100.0,100.0,100.0,-86.0,100.0,-77.0,{'$oid': '5b656cef0495aa0008249ce6'},100.0,8,100.0,100.0,100.0,100.0,100.0,100.0,100.0,100.0,7,21,303
100.0,100.0,100.0,100.0,100.0,-63.0,100.0,100.0,100.0,-85.0,100.0,100.0,100.0,100.0,-86.0,100.0,-76.0,{'$oid': '5b656d100495aa0009dc0db4'},100.0,9,100.0,100.0,100.0,100.0,100.0,100.0,100.0,100.0,7,22,304
100.0,100.0,100.0,100.0,100.0,-60.0,100.0,100.0,100.0,-82.0,100.0,100.0,100.0,100.0,100.0,100.0,-76.0,{'$oid': '5b656d6c0495aa0009dc0db5'},100.0,10,100.0,100.0,100.0,100.0,100.0,100.0,100.0,100.0,7,23,305
100.0,100.0,100.0,100.0,100.0,-52.0,100.0,100.0,100.0,-80.0,100.0,100.0,100.0,100.0,100.0,100.0,-74.0,{'$oid': '5b656d880495aa0008249ce9'},100.0,11,100.0,100.0,100.0,100.0,100.0,100.0,100.0,100.0,7,24,306
100.0,100.0,100.0,100.0,100.0,-51.0,100.0,100.0,100.0,-79.0,100.0,100.0,100.0,100.0,100.0,100.0,-74.0,{'$oid': '5b656d9e0495aa0009dc0db7'},100.0,12,100.0,100.0,100.0,100.0,100.0,100.0,100.0,100.0,7,25,307
100.0,100.0,100.0,100.0,100.0,-53.0,100.0,100.0,100.0,-81.0,100.0,100.0,100.0,100.0,100.0,100.0,-87.0,{'$oid': '5b656dc60495aa0009dc0db8'},100.0,13,100.0,100.0,100.0,100.0,100.0,100.0,100.0,100.0,7,26,308
100.0,100.0,100.0,100.0,100.0,-50.0,100.0,100.0,100.0,-77.0,100.0,100.0,100.0,100.0,100.0,100.0,-87.0,{'$oid': '5b656dd70495aa0009dc0db9'},100.0,14,100.0,100.0,100.0,100.0,100.0,100.0,100.0,100.0,7,27,309
100.0,100.0,100.0,100.0,100.0,-47.0,100.0,100.0,100.0,-77.0,100.0,100.0,100.0,100.0,100.0,100.0,-75.0,{'$oid': '5b656def0495aa0008249cec'},100.0,15,100.0,100.0,100.0,100.0,100.0,100.0,100.0,100.0,7,28,310
100.0,100.0,100.0,100.0,100.0,-48.0,100.0,100.0,100.0,-77.0,100.0,100.0,100.0,100.0,100.0,100.0,-74.0,{'$oid': '5b656e1b0495aa0008249cee'},100.0,16,100.0,100.0,100.0,100.0,100.0,100.0,100.0,100.0,7,29,311
100.0,100.0,100.0,100.0,100.0,-43.0,100.0,100.0,100.0,-66.0,100.0,100.0,100.0,100.0,100.0,100.0,-75.0,{'$oid': '5b656e4d0495aa0008249cf1'},100.0,17,100.0,100.0,100.0,100.0,100.0,100.0,100.0,100.0,7,30,312
100.0,100.0,100.0,100.0,100.0,-75.0,100.0,100.0,100.0,-80.0,100.0,100.0,100.0,100.0,100.0,100.0,-78.0,{'$oid': '5b656e600495aa0008249cf3'},100.0,18,100.0,100.0,100.0,100.0,100.0,100.0,100.0,100.0,7,31,313
100.0,100.0,100.0,100.0,100.0,-69.0,100.0,100.0,100.0,-92.0,100.0,100.0,100.0,100.0,100.0,100.0,-75.0,{'$oid': '5b656e700495aa0008249cf5'},100.0,19,100.0,100.0,100.0,100.0,100.0,100.0,100.0,100.0,7,32,314
100.0,100.0,100.0,100.0,100.0,-76.0,100.0,100.0,100.0,-92.0,100.0,100.0,100.0,100.0,100.0,100.0,-79.0,{'$oid': '5b656e830495aa0008249cf6'},100.0,20,100.0,100.0,100.0,100.0,100.0,100.0,100.0,100.0,7,33,315
100.0,100.0,100.0,100.0,100.0,-76.0,100.0,100.0,100.0,-92.0,100.0,100.0,100.0,100.0,100.0,100.0,-79.0,{'$oid': '5b656e900495aa0008249cf7'},100.0,20,100.0,100.0,100.0,100.0,100.0,100.0,100.0,100.0,7,33,315
100.0,100.0,100.0,100.0,100.0,100.0,100.0,100.0,100.0,100.0,100.0,100.0,100.0,100.0,100.0,100.0,-67.0,{'$oid': '5b65729c0495aa0009dc0dbe'},100.0,41,100.0,100.0,100.0,100.0,100.0,100.0,100.0,100.0,9,14,390
100.0,100.0,100.0,100.0,100.0,100.0,100.0,100.0,100.0,100.0,100.0,100.0,100.0,100.0,100.0,100.0,-71.0,{'$oid': '5b6572c90495aa0008249cf8'},100.0,42,100.0,100.0,100.0,100.0,100.0,100.0,100.0,100.0,9,15,391
100.0,100.0,100.0,100.0,100.0,-57.0,100.0,100.0,100.0,100.0,100.0,100.0,100.0,100.0,100.0,100.0,-71.0,{'$oid': '5b6572ce0495aa0008249cf9'},100.0,26,100.0,100.0,100.0,100.0,100.0,100.0,100.0,100.0,8,19,348
100.0,100.0,100.0,100.0,100.0,100.0,100.0,100.0,100.0,100.0,100.0,100.0,100.0,100.0,100.0,100.0,-69.0,{'$oid': '5b6572dc0495aa0008249cfa'},100.0,43,100.0,100.0,100.0,100.0,100.0,100.0,100.0,100.0,9,16,392
100.0,100.0,100.0,100.0,100.0,100.0,100.0,100.0,100.0,100.0,100.0,100.0,100.0,100.0,100.0,100.0,-74.0,{'$oid': '5b6572e60495aa0009dc0dbf'},100.0,27,100.0,100.0,100.0,100.0,100.0,100.0,100.0,100.0,8,20,349
100.0,100.0,100.0,100.0,100.0,100.0,100.0,100.0,100.0,100.0,100.0,100.0,100.0,100.0,100.0,100.0,-68.0,{'$oid': '5b6572f20495aa0008249cfb'},100.0,44,100.0,100.0,100.0,100.0,100.0,100.0,100.0,100.0,9,17,393
100.0,100.0,100.0,100.0,100.0,100.0,100.0,100.0,100.0,100.0,100.0,100.0,100.0,100.0,100.0,100.0,-76.0,{'$oid': '5b6572f70495aa0008249cfc'},100.0,28,100.0,100.0,100.0,100.0,100.0,100.0,100.0,100.0,8,21,350
100.0,100.0,100.0,100.0,100.0,100.0,100.0,100.0,100.0,100.0,100.0,100.0,100.0,100.0,100.0,100.0,-77.0,{'$oid': '5b65730c0495aa0008249cfd'},100.0,29,100.0,100.0,100.0,100.0,100.0,100.0,100.0,100.0,8,22,351
100.0,100.0,100.0,100.0,100.0,100.0,100.0,100.0,100.0,100.0,100.0,100.0,100.0,100.0,100.0,100.0,-72.0,{'$oid': '5b6573420495aa0008249cfe'},100.0,45,-91.0,100.0,100.0,100.0,100.0,100.0,100.0,100.0,9,18,394
100.0,100.0,100.0,100.0,100.0,100.0,100.0,100.0,100.0,100.0,100.0,100.0,100.0,100.0,100.0,100.0,-67.0,{'$oid': '5b6573520495aa0008249cff'},100.0,46,-91.0,100.0,100.0,100.0,100.0,100.0,100.0,100.0,9,19,395
100.0,100.0,100.0,100.0,100.0,100.0,100.0,100.0,100.0,100.0,100.0,100.0,100.0,100.0,100.0,100.0,-63.0,{'$oid': '5b6573670495aa0008249d00'},100.0,47,-91.0,100.0,100.0,100.0,100.0,100.0,100.0,100.0,9,20,396
100.0,100.0,100.0,100.0,100.0,100.0,100.0,100.0,100.0,100.0,100.0,100.0,100.0,100.0,100.0,100.0,-76.0,{'$oid': '5b6573a40495aa0009dc0dc1'},100.0,30,100.0,100.0,100.0,100.0,100.0,100.0,100.0,100.0,8,23,352
100.0,100.0,100.0,100.0,100.0,100.0,100.0,100.0,100.0,100.0,100.0,100.0,100.0,100.0,100.0,100.0,-78.0,{'$oid': '5b6573bc0495aa0009dc0dc2'},100.0,31,100.0,100.0,100.0,100.0,100.0,100.0,100.0,100.0,8,24,353
100.0,100.0,100.0,100.0,100.0,100.0,100.0,100.0,100.0,100.0,100.0,100.0,100.0,100.0,100.0,100.0,-75.0,{'$oid': '5b6574130495aa0009dc0dc3'},100.0,32,100.0,100.0,100.0,100.0,100.0,100.0,100.0,100.0,8,25,354
100.0,100.0,100.0,100.0,100.0,100.0,100.0,100.0,100.0,100.0,100.0,100.0,100.0,100.0,100.0,100.0,-84.0,{'$oid': '5b6574250495aa0009dc0dc4'},100.0,33,100.0,100.0,100.0,100.0,100.0,100.0,100.0,100.0,8,26,355
100.0,100.0,-91.0,100.0,100.0,100.0,100.0,100.0,100.0,100.0,100.0,100.0,100.0,100.0,100.0,100.0,-67.0,{'$oid': '5b65742a0495aa0009dc0dc5'},100.0,48,100.0,100.0,100.0,100.0,100.0,100.0,100.0,100.0,9,21,397
100.0,100.0,100.0,100.0,100.0,100.0,100.0,100.0,100.0,100.0,100.0,100.0,100.0,100.0,100.0,100.0,-79.0,{'$oid': '5b65743a0495aa0009dc0dc6'},100.0,34,100.0,100.0,100.0,100.0,100.0,100.0,100.0,100.0,8,27,356
100.0,100.0,-91.0,100.0,100.0,100.0,100.0,100.0,100.0,100.0,100.0,-93.0,100.0,100.0,100.0,100.0,-67.0,{'$oid': '5b6574410495aa0009dc0dc7'},100.0,49,100.0,100.0,100.0,100.0,100.0,100.0,100.0,100.0,9,22,398
100.0,100.0,100.0,100.0,100.0,100.0,100.0,100.0,100.0,100.0,100.0,100.0,100.0,100.0,100.0,100.0,-81.0,{'$oid': '5b65745e0495aa0009dc0dc8'},100.0,35,100.0,100.0,100.0,100.0,100.0,100.0,100.0,100.0,8,28,357
100.0,100.0,100.0,100.0,100.0,100.0,100.0,100.0,100.0,100.0,100.0,100.0,100.0,100.0,100.0,100.0,-72.0,{'$oid': '5b6574740495aa0008249d01'},100.0,36,100.0,100.0,100.0,100.0,100.0,100.0,100.0,100.0,8,29,358
100.0,100.0,100.0,100.0,100.0,100.0,100.0,100.0,100.0,100.0,100.0,100.0,100.0,100.0,100.0,100.0,-77.0,{'$oid': '5b65748b0495aa0008249d02'},100.0,37,100.0,100.0,100.0,100.0,100.0,100.0,100.0,100.0,8,30,359
100.0,100.0,100.0,100.0,100.0,100.0,100.0,100.0,100.0,100.0,100.0,100.0,100.0,100.0,100.0,100.0,-79.0,{'$oid': '5b6574a20495aa0008249d03'},100.0,38,100.0,100.0,100.0,100.0,100.0,100.0,100.0,100.0,8,31,360
100.0,100.0,100.0,100.0,100.0,100.0,100.0,100.0,100.0,100.0,100.0,100.0,100.0,100.0,100.0,100.0,-83.0,{'$oid': '5b6574b90495aa0009dc0dc9'},100.0,39,100.0,100.0,100.0,100.0,100.0,100.0,100.0,100.0,8,32,361
100.0,100.0,100.0,100.0,100.0,100.0,100.0,100.0,100.0,100.0,100.0,100.0,100.0,100.0,100.0,100.0,-79.0,{'$oid': '5b6574d90495aa0009dc0dca'},100.0,40,100.0,100.0,100.0,100.0,100.0,100.0,100.0,100.0,8,33,362
100.0,100.0,100.0,100.0,100.0,100.0,100.0,100.0,100.0,100.0,100.0,100.0,100.0,100.0,100.0,100.0,-71.0,{'$oid': '5b65756b0495aa0009dc0dcb'},100.0,48,100.0,100.0,100.0,100.0,100.0,100.0,100.0,100.0,9,21,397
100.0,100.0,-94.0,100.0,100.0,100.0,100.0,100.0,100.0,100.0,100.0,100.0,100.0,100.0,100.0,100.0,-68.0,{'$oid': '5b6575a00495aa0009dc0dcc'},100.0,49,100.0,100.0,100.0,100.0,100.0,100.0,100.0,100.0,9,22,398
100.0,-93.0,100.0,100.0,100.0,100.0,100.0,100.0,100.0,100.0,100.0,100.0,100.0,100.0,100.0,100.0,-66.0,{'$oid': '5b6577a60495aa0009dc0dcd'},100.0,50,100.0,100.0,100.0,100.0,100.0,100.0,100.0,100.0,9,23,399
100.0,-93.0,100.0,100.0,100.0,100.0,-57.0,100.0,100.0,100.0,100.0,100.0,100.0,100.0,100.0,100.0,-73.0,{'$oid': '5b6577b80495aa0009dc0dce'},100.0,51,100.0,100.0,100.0,100.0,100.0,100.0,100.0,100.0,9,24,400
100.0,100.0,100.0,100.0,100.0,100.0,-58.0,100.0,100.0,100.0,100.0,100.0,100.0,100.0,100.0,100.0,-78.0,{'$oid': '5b6577d40495aa0009dc0dcf'},100.0,52,100.0,100.0,100.0,100.0,100.0,100.0,100.0,100.0,9,25,401
100.0,100.0,100.0,100.0,100.0,100.0,-58.0,100.0,100.0,100.0,100.0,100.0,100.0,100.0,100.0,100.0,-78.0,{'$oid': '5b6577d50495aa0008249d04'},100.0,52,100.0,100.0,100.0,100.0,100.0,100.0,100.0,100.0,9,25,401
100.0,100.0,100.0,100.0,100.0,100.0,-53.0,100.0,100.0,100.0,100.0,100.0,100.0,100.0,100.0,100.0,-66.0,{'$oid': '5b6577e40495aa0008249d05'},100.0,53,100.0,100.0,100.0,100.0,100.0,100.0,100.0,100.0,9,26,402
100.0,100.0,-94.0,100.0,100.0,100.0,-55.0,100.0,100.0,100.0,100.0,100.0,100.0,100.0,100.0,100.0,-65.0,{'$oid': '5b6578450495aa0009dc0dd0'},100.0,54,-94.0,100.0,100.0,100.0,100.0,100.0,100.0,100.0,9,27,403
100.0,100.0,-93.0,100.0,100.0,100.0,-45.0,100.0,100.0,100.0,100.0,100.0,100.0,100.0,100.0,100.0,-68.0,{'$oid': '5b65785c0495aa0009dc0dd1'},100.0,55,100.0,100.0,100.0,100.0,100.0,100.0,100.0,100.0,9,28,404
100.0,100.0,-93.0,100.0,100.0,100.0,-55.0,100.0,100.0,100.0,100.0,100.0,100.0,100.0,100.0,100.0,-68.0,{'$oid': '5b65789a0495aa0009dc0dd2'},100.0,56,100.0,100.0,100.0,100.0,100.0,100.0,100.0,100.0,9,29,405
100.0,100.0,100.0,100.0,100.0,100.0,-71.0,100.0,100.0,100.0,100.0,100.0,100.0,100.0,100.0,100.0,-71.0,{'$oid': '5b6578ab0495aa0008249d06'},100.0,57,100.0,100.0,100.0,100.0,100.0,100.0,100.0,100.0,9,30,406
100.0,100.0,100.0,100.0,100.0,100.0,-61.0,100.0,100.0,100.0,100.0,100.0,100.0,100.0,100.0,100.0,-69.0,{'$oid': '5b6578bf0495aa0008249d07'},100.0,58,100.0,100.0,100.0,100.0,100.0,100.0,100.0,100.0,9,31,407
100.0,100.0,100.0,100.0,100.0,100.0,-60.0,100.0,100.0,100.0,100.0,100.0,100.0,100.0,100.0,100.0,-67.0,{'$oid': '5b6578cf0495aa0008249d08'},100.0,59,100.0,100.0,100.0,100.0,100.0,100.0,100.0,100.0,9,32,408
100.0,100.0,100.0,100.0,100.0,100.0,-54.0,100.0,100.0,100.0,100.0,100.0,100.0,100.0,100.0,100.0,-76.0,{'$oid': '5b6578df0495aa0008249d09'},100.0,60,100.0,100.0,100.0,100.0,100.0,100.0,100.0,100.0,9,33,409
100.0,100.0,100.0,100.0,100.0,100.0,-37.0,100.0,100.0,100.0,100.0,100.0,100.0,100.0,100.0,100.0,-69.0,{'$oid': '5b6579c20495aa0008249d0a'},100.0,61,100.0,100.0,100.0,100.0,100.0,100.0,100.0,100.0,20,14,907
100.0,100.0,100.0,100.0,100.0,100.0,100.0,100.0,100.0,100.0,100.0,100.0,100.0,100.0,100.0,100.0,-69.0,{'$oid': '5b6579d90495aa0009dc0dd3'},100.0,62,100.0,100.0,100.0,100.0,100.0,100.0,100.0,100.0,10,15,438
100.0,100.0,100.0,100.0,100.0,100.0,100.0,100.0,100.0,100.0,100.0,100.0,100.0,100.0,100.0,100.0,-69.0,{'$oid': '5b6579ee0495aa0009dc0dd4'},100.0,63,100.0,100.0,100.0,100.0,100.0,100.0,100.0,100.0,10,16,439
100.0,100.0,100.0,100.0,100.0,100.0,100.0,100.0,100.0,100.0,100.0,100.0,100.0,100.0,100.0,100.0,-70.0,{'$oid': '5b657a0b0495aa0008249d0b'},100.0,64,-94.0,100.0,100.0,100.0,100.0,100.0,100.0,-91.0,10,17,440
100.0,100.0,100.0,100.0,100.0,100.0,100.0,100.0,100.0,100.0,100.0,100.0,100.0,100.0,100.0,100.0,-72.0,{'$oid': '5b657a230495aa0009dc0dd5'},100.0,65,-91.0,100.0,100.0,100.0,100.0,100.0,100.0,-91.0,10,18,441
100.0,100.0,100.0,100.0,100.0,100.0,100.0,100.0,100.0,100.0,100.0,100.0,100.0,100.0,100.0,100.0,-75.0,{'$oid': '5b657a380495aa0008249d0c'},100.0,66,-91.0,100.0,100.0,100.0,100.0,100.0,100.0,100.0,10,19,442
100.0,100.0,100.0,100.0,100.0,100.0,100.0,100.0,100.0,100.0,100.0,100.0,100.0,100.0,100.0,100.0,-67.0,{'$oid': '5b657a4b0495aa0009dc0dd6'},100.0,67,-93.0,100.0,100.0,100.0,100.0,100.0,100.0,100.0,10,20,443
100.0,100.0,-92.0,100.0,100.0,100.0,100.0,100.0,100.0,100.0,100.0,100.0,100.0,100.0,100.0,100.0,-72.0,{'$oid': '5b657a5d0495aa0009dc0dd7'},100.0,68,-93.0,100.0,100.0,100.0,100.0,100.0,100.0,100.0,10,21,444
100.0,100.0,-92.0,100.0,100.0,100.0,100.0,100.0,100.0,100.0,100.0,100.0,100.0,100.0,100.0,100.0,-74.0,{'$oid': '5b657a6c0495aa0009dc0dd8'},100.0,69,-93.0,100.0,100.0,100.0,100.0,100.0,100.0,100.0,10,22,445
100.0,-92.0,-92.0,100.0,100.0,100.0,100.0,100.0,100.0,100.0,100.0,100.0,100.0,100.0,100.0,100.0,-73.0,{'$oid': '5b657a810495aa0009dc0dd9'},100.0,70,-93.0,100.0,100.0,100.0,100.0,100.0,100.0,100.0,10,23,446
100.0,-92.0,100.0,100.0,100.0,100.0,100.0,100.0,100.0,100.0,100.0,100.0,100.0,100.0,100.0,100.0,-73.0,{'$oid': '5b657a910495aa0008249d0d'},100.0,71,100.0,100.0,100.0,100.0,100.0,100.0,100.0,-90.0,10,24,447
100.0,-92.0,100.0,100.0,100.0,100.0,100.0,100.0,100.0,100.0,100.0,100.0,100.0,100.0,100.0,100.0,-75.0,{'$oid': '5b657aa20495aa0008249d0e'},100.0,72,100.0,100.0,100.0,100.0,100.0,100.0,100.0,-89.0,10,25,448
100.0,100.0,100.0,100.0,100.0,100.0,100.0,100.0,100.0,100.0,100.0,100.0,100.0,100.0,100.0,100.0,-81.0,{'$oid': '5b657ab70495aa0008249d0f'},100.0,73,100.0,100.0,100.0,100.0,100.0,100.0,100.0,-89.0,10,26,449
100.0,100.0,100.0,100.0,100.0,100.0,100.0,100.0,100.0,100.0,100.0,-88.0,100.0,100.0,100.0,100.0,-73.0,{'$oid': '5b657ac90495aa0009dc0dda'},100.0,74,100.0,100.0,100.0,100.0,100.0,100.0,100.0,-89.0,10,27,450
100.0,100.0,100.0,100.0,100.0,100.0,100.0,100.0,100.0,100.0,100.0,-88.0,100.0,100.0,100.0,100.0,-72.0,{'$oid': '5b657ad80495aa0008249d10'},100.0,75,100.0,100.0,100.0,100.0,100.0,100.0,100.0,-89.0,10,28,451
100.0,100.0,100.0,100.0,100.0,100.0,100.0,100.0,100.0,100.0,100.0,-88.0,100.0,100.0,100.0,100.0,-72.0,{'$oid': '5b657ae90495aa0008249d11'},100.0,76,100.0,100.0,100.0,100.0,100.0,100.0,100.0,-88.0,10,29,452
100.0,100.0,100.0,100.0,100.0,100.0,100.0,100.0,100.0,100.0,100.0,-88.0,100.0,100.0,100.0,100.0,-74.0,{'$oid': '5b657afb0495aa0009dc0ddb'},100.0,77,100.0,100.0,100.0,100.0,100.0,100.0,100.0,-88.0,10,30,453
100.0,100.0,100.0,100.0,100.0,100.0,100.0,100.0,100.0,100.0,100.0,100.0,100.0,100.0,100.0,100.0,-76.0,{'$oid': '5b657b0d0495aa0008249d12'},100.0,78,100.0,100.0,100.0,100.0,100.0,100.0,100.0,-88.0,10,31,454
100.0,100.0,-91.0,100.0,100.0,100.0,100.0,100.0,100.0,100.0,100.0,100.0,100.0,100.0,100.0,100.0,-76.0,{'$oid': '5b657b360495aa0009dc0ddc'},100.0,79,100.0,100.0,100.0,100.0,100.0,100.0,100.0,100.0,10,32,455
100.0,100.0,-91.0,100.0,100.0,100.0,100.0,100.0,100.0,100.0,100.0,100.0,100.0,100.0,100.0,100.0,-81.0,{'$oid': '5b657b460495aa0009dc0ddd'},100.0,80,100.0,100.0,100.0,100.0,100.0,100.0,100.0,100.0,10,33,456
100.0,100.0,-91.0,100.0,100.0,100.0,100.0,100.0,100.0,100.0,100.0,100.0,100.0,100.0,100.0,100.0,-80.0,{'$oid': '5b657b860495aa0009dc0dde'},100.0,81,100.0,100.0,100.0,100.0,100.0,100.0,100.0,100.0,11,14,484
100.0,100.0,100.0,100.0,100.0,100.0,100.0,100.0,100.0,100.0,100.0,100.0,100.0,100.0,100.0,100.0,-65.0,{'$oid': '5b657b920495aa0009dc0ddf'},100.0,82,100.0,100.0,100.0,100.0,100.0,100.0,100.0,100.0,11,15,485
100.0,100.0,100.0,100.0,100.0,100.0,100.0,100.0,100.0,100.0,100.0,100.0,100.0,100.0,100.0,100.0,-64.0,{'$oid': '5b657bb50495aa0008249d13'},100.0,83,100.0,100.0,100.0,100.0,100.0,100.0,100.0,100.0,11,16,486
100.0,100.0,100.0,100.0,100.0,100.0,100.0,100.0,100.0,100.0,100.0,100.0,100.0,100.0,100.0,100.0,-60.0,{'$oid': '5b657bc40495aa0008249d14'},100.0,84,-91.0,100.0,100.0,100.0,100.0,100.0,100.0,-89.0,11,17,487
100.0,100.0,100.0,100.0,100.0,100.0,100.0,100.0,100.0,100.0,100.0,100.0,100.0,100.0,100.0,100.0,-60.0,{'$oid': '5b657bcf0495aa0008249d15'},100.0,85,-92.0,100.0,100.0,100.0,100.0,100.0,100.0,-89.0,11,18,488
100.0,100.0,100.0,100.0,100.0,100.0,100.0,100.0,100.0,100.0,100.0,100.0,100.0,100.0,100.0,100.0,-58.0,{'$oid': '5b657bde0495aa0008249d16'},100.0,86,-92.0,100.0,100.0,100.0,100.0,100.0,100.0,-89.0,11,19,489
100.0,100.0,100.0,100.0,100.0,100.0,100.0,100.0,100.0,100.0,100.0,100.0,100.0,100.0,100.0,100.0,-62.0,{'$oid': '5b657beb0495aa0009dc0de0'},100.0,87,-92.0,100.0,100.0,100.0,100.0,100.0,100.0,-88.0,11,20,490
100.0,100.0,100.0,100.0,100.0,100.0,100.0,100.0,100.0,100.0,100.0,100.0,100.0,100.0,100.0,100.0,-66.0,{'$oid': '5b657c130495aa0008249d17'},100.0,88,-92.0,100.0,100.0,100.0,100.0,100.0,100.0,-89.0,11,21,491
100.0,100.0,100.0,100.0,100.0,100.0,100.0,100.0,100.0,100.0,100.0,100.0,100.0,100.0,100.0,100.0,-64.0,{'$oid': '5b657c220495aa0008249d18'},100.0,89,-92.0,100.0,100.0,100.0,100.0,100.0,100.0,-89.0,11,22,492
100.0,100.0,100.0,100.0,100.0,100.0,100.0,100.0,100.0,100.0,100.0,100.0,100.0,100.0,100.0,100.0,-66.0,{'$oid': '5b657c2f0495aa0008249d19'},100.0,90,100.0,100.0,100.0,100.0,100.0,100.0,100.0,-89.0,11,23,493
100.0,100.0,100.0,100.0,100.0,100.0,100.0,100.0,100.0,100.0,100.0,100.0,100.0,100.0,100.0,100.0,-67.0,{'$oid': '5b657c470495aa0008249d1a'},100.0,91,-95.0,100.0,100.0,100.0,100.0,100.0,100.0,-91.0,11,24,494
100.0,100.0,100.0,100.0,100.0,100.0,100.0,100.0,100.0,100.0,100.0,100.0,100.0,100.0,100.0,100.0,-68.0,{'$oid': '5b657c5d0495aa0009dc0de1'},100.0,92,-95.0,100.0,100.0,100.0,100.0,100.0,100.0,-89.0,11,25,495
100.0,100.0,100.0,100.0,100.0,100.0,100.0,100.0,100.0,100.0,100.0,100.0,100.0,100.0,100.0,100.0,-64.0,{'$oid': '5b657c6b0495aa0009dc0de2'},100.0,93,-95.0,100.0,100.0,100.0,100.0,100.0,100.0,-92.0,11,26,496
100.0,100.0,100.0,100.0,100.0,100.0,100.0,100.0,100.0,100.0,100.0,100.0,100.0,100.0,100.0,100.0,-61.0,{'$oid': '5b657c770495aa0009dc0de3'},100.0,94,-95.0,100.0,100.0,100.0,100.0,100.0,100.0,-88.0,11,27,497
100.0,100.0,100.0,100.0,100.0,100.0,100.0,100.0,100.0,100.0,100.0,100.0,100.0,100.0,100.0,100.0,-61.0,{'$oid': '5b657c860495aa0009dc0de4'},100.0,95,100.0,100.0,100.0,100.0,100.0,100.0,100.0,-88.0,11,28,498
100.0,100.0,100.0,100.0,100.0,100.0,100.0,100.0,100.0,100.0,100.0,100.0,100.0,100.0,100.0,100.0,-62.0,{'$oid': '5b657c930495aa0009dc0de5'},100.0,96,100.0,100.0,100.0,100.0,100.0,100.0,100.0,-88.0,11,29,499
100.0,100.0,100.0,100.0,100.0,100.0,100.0,100.0,100.0,100.0,100.0,100.0,100.0,100.0,100.0,100.0,-66.0,{'$oid': '5b657cba0495aa0009dc0de6'},100.0,97,100.0,100.0,100.0,100.0,100.0,100.0,100.0,-85.0,11,30,500
100.0,100.0,100.0,100.0,100.0,100.0,100.0,100.0,100.0,100.0,100.0,100.0,100.0,100.0,100.0,100.0,-66.0,{'$oid': '5b657cc40495aa0008249d1b'},100.0,98,100.0,100.0,100.0,100.0,100.0,100.0,100.0,-85.0,11,31,501
100.0,100.0,-92.0,100.0,100.0,100.0,100.0,100.0,100.0,100.0,100.0,100.0,100.0,100.0,100.0,100.0,-74.0,{'$oid': '5b657ccf0495aa0009dc0de7'},100.0,99,100.0,100.0,100.0,100.0,100.0,100.0,100.0,-85.0,11,32,502
100.0,100.0,-92.0,100.0,100.0,100.0,100.0,100.0,100.0,100.0,100.0,100.0,100.0,100.0,100.0,100.0,-76.0,{'$oid': '5b657cda0495aa0008249d1c'},100.0,100,100.0,100.0,100.0,100.0,100.0,100.0,100.0,-85.0,11,33,503
100.0,100.0,-92.0,100.0,100.0,100.0,100.0,100.0,100.0,100.0,100.0,100.0,100.0,100.0,100.0,100.0,-65.0,{'$oid': '5b657d1c0495aa0008249d1d'},100.0,101,100.0,100.0,100.0,100.0,100.0,100.0,100.0,100.0,12,14,531
100.0,100.0,100.0,100.0,100.0,100.0,100.0,100.0,100.0,100.0,100.0,100.0,100.0,100.0,100.0,100.0,-65.0,{'$oid': '5b657d290495aa0009dc0de8'},100.0,102,100.0,100.0,100.0,100.0,100.0,100.0,100.0,-92.0,12,15,532
100.0,100.0,100.0,100.0,100.0,100.0,100.0,100.0,100.0,100.0,100.0,100.0,100.0,100.0,100.0,100.0,-65.0,{'$oid': '5b657d360495aa0009dc0de9'},100.0,103,100.0,100.0,100.0,100.0,100.0,100.0,100.0,-92.0,12,16,533
100.0,100.0,100.0,100.0,100.0,100.0,100.0,100.0,100.0,100.0,100.0,100.0,100.0,100.0,100.0,100.0,-66.0,{'$oid': '5b657d410495aa0009dc0dea'},100.0,104,100.0,100.0,100.0,100.0,100.0,100.0,100.0,-92.0,12,17,534
100.0,100.0,100.0,100.0,100.0,100.0,100.0,100.0,100.0,100.0,100.0,100.0,100.0,100.0,100.0,100.0,-64.0,{'$oid': '5b657d500495aa0008249d1e'},100.0,105,-94.0,100.0,100.0,100.0,100.0,100.0,100.0,-90.0,12,18,535
100.0,100.0,100.0,100.0,100.0,100.0,100.0,100.0,100.0,100.0,100.0,100.0,100.0,100.0,100.0,100.0,-60.0,{'$oid': '5b657d5e0495aa0008249d1f'},100.0,106,-94.0,100.0,100.0,100.0,100.0,100.0,100.0,-88.0,12,19,536
100.0,100.0,100.0,100.0,100.0,100.0,100.0,100.0,100.0,100.0,100.0,100.0,100.0,100.0,100.0,100.0,-60.0,{'$oid': '5b657d6d0495aa0008249d20'},100.0,107,-94.0,100.0,100.0,100.0,100.0,100.0,100.0,-88.0,12,20,537
100.0,100.0,100.0,100.0,100.0,100.0,100.0,100.0,100.0,100.0,100.0,100.0,100.0,100.0,100.0,100.0,-62.0,{'$oid': '5b657d800495aa0009dc0deb'},100.0,108,-94.0,100.0,100.0,100.0,100.0,100.0,100.0,-88.0,12,21,538
100.0,100.0,100.0,100.0,100.0,100.0,100.0,100.0,100.0,100.0,100.0,100.0,100.0,100.0,100.0,100.0,-60.0,{'$oid': '5b657d910495aa0009dc0dec'},100.0,109,-94.0,100.0,100.0,100.0,100.0,100.0,100.0,-89.0,12,22,539
100.0,100.0,100.0,100.0,100.0,100.0,100.0,100.0,100.0,100.0,100.0,100.0,100.0,100.0,100.0,100.0,-64.0,{'$oid': '5b657dad0495aa0009dc0ded'},100.0,110,-94.0,100.0,100.0,100.0,100.0,100.0,100.0,-88.0,12,23,540
100.0,100.0,100.0,100.0,100.0,100.0,100.0,100.0,100.0,100.0,100.0,100.0,100.0,100.0,100.0,100.0,-66.0,{'$oid': '5b657dbe0495aa0008249d21'},100.0,111,100.0,100.0,100.0,100.0,100.0,100.0,100.0,-90.0,12,24,541
100.0,100.0,100.0,100.0,100.0,100.0,100.0,100.0,100.0,100.0,100.0,-92.0,100.0,100.0,100.0,100.0,-71.0,{'$oid': '5b657dca0495aa0009dc0dee'},100.0,112,100.0,100.0,100.0,100.0,100.0,100.0,100.0,-88.0,12,25,542
100.0,100.0,100.0,100.0,100.0,100.0,100.0,100.0,100.0,100.0,100.0,-92.0,100.0,100.0,100.0,100.0,-78.0,{'$oid': '5b657dd50495aa0009dc0def'},100.0,113,100.0,100.0,100.0,100.0,100.0,100.0,100.0,-86.0,12,26,543
100.0,100.0,100.0,100.0,100.0,100.0,100.0,100.0,100.0,100.0,100.0,-92.0,100.0,100.0,100.0,100.0,-64.0,{'$oid': '5b657e1c0495aa0009dc0df0'},100.0,116,100.0,100.0,100.0,100.0,100.0,100.0,100.0,-90.0,12,29,546
100.0,100.0,100.0,100.0,100.0,100.0,100.0,100.0,100.0,100.0,100.0,-92.0,100.0,100.0,100.0,100.0,-72.0,{'$oid': '5b657e290495aa0009dc0df1'},100.0,117,100.0,100.0,100.0,100.0,100.0,100.0,-82.0,-90.0,12,30,547
100.0,100.0,100.0,100.0,100.0,100.0,100.0,100.0,100.0,100.0,100.0,100.0,100.0,100.0,100.0,100.0,-69.0,{'$oid': '5b657e360495aa0008249d22'},100.0,118,100.0,100.0,100.0,100.0,100.0,100.0,-77.0,100.0,12,31,548
100.0,100.0,100.0,100.0,100.0,100.0,100.0,100.0,100.0,100.0,100.0,100.0,100.0,100.0,100.0,100.0,-83.0,{'$oid': '5b657e440495aa0009dc0df2'},100.0,119,100.0,100.0,100.0,100.0,100.0,100.0,-84.0,100.0,12,32,549
100.0,100.0,100.0,100.0,100.0,100.0,100.0,100.0,100.0,100.0,100.0,100.0,100.0,100.0,100.0,100.0,-75.0,{'$oid': '5b657e520495aa0009dc0df3'},100.0,120,100.0,100.0,100.0,100.0,100.0,100.0,-86.0,100.0,12,33,550
100.0,100.0,100.0,100.0,100.0,100.0,100.0,100.0,100.0,100.0,100.0,100.0,100.0,100.0,100.0,100.0,-72.0,{'$oid': '5b657e7c0495aa0009dc0df4'},100.0,140,100.0,100.0,100.0,100.0,100.0,100.0,-84.0,-90.0,13,33,597
100.0,100.0,100.0,100.0,100.0,100.0,100.0,100.0,100.0,100.0,100.0,100.0,100.0,100.0,100.0,100.0,-76.0,{'$oid': '5b657e960495aa0009dc0df5'},100.0,139,100.0,100.0,100.0,100.0,100.0,100.0,-89.0,-90.0,13,32,596
100.0,100.0,100.0,100.0,100.0,100.0,100.0,100.0,100.0,100.0,100.0,100.0,100.0,100.0,100.0,100.0,-77.0,{'$oid': '5b657ea10495aa0008249d23'},100.0,138,100.0,100.0,100.0,100.0,100.0,100.0,-89.0,-91.0,13,31,595
100.0,100.0,100.0,100.0,100.0,100.0,100.0,100.0,100.0,100.0,100.0,100.0,100.0,100.0,100.0,100.0,-78.0,{'$oid': '5b657eb60495aa0008249d24'},100.0,137,100.0,100.0,100.0,100.0,100.0,100.0,-89.0,-89.0,13,30,594
100.0,100.0,100.0,100.0,100.0,100.0,100.0,100.0,100.0,100.0,100.0,100.0,100.0,100.0,100.0,100.0,-71.0,{'$oid': '5b657f050495aa0008249d26'},100.0,133,100.0,100.0,100.0,100.0,100.0,100.0,-81.0,-90.0,13,26,590
100.0,100.0,100.0,100.0,100.0,100.0,100.0,100.0,100.0,100.0,100.0,100.0,100.0,100.0,100.0,100.0,-68.0,{'$oid': '5b657f180495aa0009dc0df6'},100.0,132,100.0,100.0,100.0,100.0,100.0,100.0,-81.0,-90.0,13,25,589
100.0,100.0,100.0,100.0,100.0,100.0,100.0,100.0,100.0,100.0,100.0,100.0,100.0,100.0,100.0,100.0,-73.0,{'$oid': '5b657f270495aa0009dc0df7'},100.0,131,100.0,100.0,100.0,100.0,100.0,100.0,-84.0,-86.0,13,24,588
100.0,100.0,100.0,100.0,100.0,100.0,100.0,100.0,100.0,100.0,100.0,100.0,100.0,100.0,100.0,100.0,-77.0,{'$oid': '5b657f660495aa0008249d27'},100.0,130,100.0,100.0,100.0,100.0,100.0,100.0,-86.0,-88.0,13,23,587
100.0,100.0,100.0,100.0,100.0,100.0,100.0,100.0,100.0,100.0,100.0,100.0,100.0,100.0,100.0,100.0,-75.0,{'$oid': '5b657f9c0495aa0009dc0df8'},100.0,129,100.0,100.0,100.0,100.0,100.0,100.0,-82.0,-91.0,13,22,586
-91.0,100.0,100.0,100.0,100.0,100.0,100.0,100.0,100.0,100.0,100.0,100.0,100.0,100.0,100.0,100.0,-75.0,{'$oid': '5b657fa80495aa0009dc0df9'},100.0,128,100.0,100.0,100.0,100.0,100.0,100.0,-85.0,-87.0,13,21,585
-91.0,100.0,100.0,100.0,100.0,100.0,100.0,100.0,100.0,100.0,100.0,100.0,100.0,100.0,100.0,100.0,-77.0,{'$oid': '5b657fb60495aa0008249d28'},100.0,127,100.0,100.0,100.0,100.0,100.0,100.0,-88.0,-90.0,13,20,584
-91.0,100.0,100.0,100.0,100.0,100.0,100.0,100.0,100.0,100.0,100.0,100.0,100.0,100.0,100.0,100.0,-77.0,{'$oid': '5b657fcb0495aa0009dc0dfa'},100.0,126,100.0,100.0,100.0,100.0,100.0,100.0,-89.0,-87.0,13,19,583
-91.0,100.0,100.0,100.0,100.0,100.0,100.0,100.0,100.0,100.0,100.0,100.0,100.0,100.0,100.0,100.0,-69.0,{'$oid': '5b657fd90495aa0009dc0dfb'},100.0,125,100.0,100.0,100.0,100.0,100.0,100.0,-90.0,-90.0,13,18,582
-91.0,100.0,100.0,100.0,100.0,100.0,100.0,100.0,100.0,100.0,100.0,100.0,100.0,100.0,100.0,100.0,-72.0,{'$oid': '5b657fe50495aa0008249d29'},100.0,124,100.0,100.0,100.0,100.0,100.0,100.0,-87.0,-90.0,13,17,581
-91.0,100.0,100.0,100.0,100.0,100.0,100.0,100.0,100.0,100.0,100.0,100.0,100.0,100.0,100.0,100.0,-74.0,{'$oid': '5b657ff20495aa0009dc0dfc'},100.0,123,100.0,100.0,100.0,100.0,100.0,100.0,-87.0,-86.0,13,16,580
-91.0,100.0,100.0,100.0,100.0,100.0,100.0,100.0,100.0,100.0,100.0,100.0,100.0,100.0,100.0,100.0,-77.0,{'$oid': '5b6580080495aa0008249d2a'},100.0,122,100.0,100.0,100.0,100.0,100.0,100.0,-83.0,-86.0,13,15,579
100.0,100.0,100.0,100.0,100.0,100.0,100.0,100.0,100.0,100.0,100.0,100.0,100.0,100.0,100.0,100.0,-69.0,{'$oid': '5b6580180495aa0008249d2b'},100.0,121,100.0,100.0,100.0,100.0,100.0,100.0,-87.0,-89.0,13,14,578
100.0,100.0,100.0,100.0,100.0,100.0,100.0,100.0,100.0,100.0,100.0,100.0,100.0,100.0,100.0,100.0,-80.0,{'$oid': '5b67e6fc8f0416000829bf1d'},100.0,141,100.0,100.0,100.0,-72.0,-94.0,100.0,100.0,100.0,24,20,1101
100.0,100.0,100.0,100.0,100.0,100.0,100.0,100.0,100.0,100.0,-93.0,100.0,100.0,100.0,100.0,100.0,-73.0,{'$oid': '5b67e7298f041600090ad3db'},100.0,149,100.0,-92.0,100.0,-73.0,-80.0,100.0,100.0,100.0,24,19,1100
100.0,100.0,100.0,100.0,100.0,100.0,100.0,100.0,100.0,100.0,-93.0,100.0,100.0,100.0,100.0,100.0,-69.0,{'$oid': '5b67e73d8f0416000829bf1e'},100.0,150,100.0,-92.0,100.0,-73.0,-78.0,100.0,100.0,100.0,25,19,1147
100.0,100.0,100.0,100.0,100.0,100.0,100.0,100.0,100.0,100.0,-93.0,100.0,100.0,100.0,100.0,100.0,-74.0,{'$oid': '5b67e7848f041600090ad3dc'},100.0,151,100.0,-92.0,100.0,-67.0,-76.0,100.0,100.0,100.0,26,19,1194
100.0,100.0,100.0,100.0,100.0,100.0,100.0,100.0,100.0,100.0,100.0,100.0,100.0,100.0,100.0,100.0,-77.0,{'$oid': '5b67e7998f041600090ad3dd'},100.0,152,100.0,-93.0,100.0,-64.0,-76.0,100.0,100.0,100.0,27,19,1241
100.0,100.0,100.0,100.0,100.0,100.0,100.0,100.0,100.0,100.0,100.0,100.0,100.0,100.0,100.0,100.0,-76.0,{'$oid': '5b67e7ad8f0416000829bf1f'},100.0,153,100.0,-93.0,100.0,-67.0,-78.0,100.0,100.0,-97.0,27,19,1241
100.0,100.0,100.0,100.0,100.0,100.0,100.0,100.0,100.0,100.0,100.0,100.0,100.0,100.0,100.0,100.0,-78.0,{'$oid': '5b67e7c28f0416000829bf20'},100.0,154,100.0,-93.0,100.0,-66.0,-77.0,100.0,100.0,-97.0,29,19,1335
100.0,100.0,100.0,100.0,100.0,100.0,100.0,100.0,100.0,100.0,100.0,100.0,100.0,100.0,100.0,100.0,-79.0,{'$oid': '5b67e7d88f041600090ad3de'},-92.0,155,100.0,100.0,100.0,-68.0,-73.0,100.0,100.0,-97.0,30,19,1382
100.0,100.0,100.0,100.0,100.0,100.0,100.0,100.0,100.0,100.0,-95.0,100.0,100.0,100.0,100.0,100.0,-78.0,{'$oid': '5b67e7fb8f0416000829bf21'},-90.0,156,100.0,100.0,100.0,-67.0,-67.0,100.0,100.0,100.0,31,19,1429
100.0,100.0,100.0,100.0,100.0,100.0,100.0,100.0,100.0,100.0,-90.0,100.0,100.0,100.0,100.0,100.0,-74.0,{'$oid': '5b67e8c68f041600090ad3df'},-94.0,173,100.0,-93.0,100.0,-78.0,-73.0,100.0,100.0,100.0,24,15,1096
100.0,100.0,100.0,100.0,100.0,100.0,100.0,100.0,100.0,100.0,-90.0,100.0,100.0,100.0,100.0,100.0,-75.0,{'$oid': '5b67e8df8f041600090ad3e0'},-94.0,174,100.0,-93.0,100.0,-64.0,-78.0,100.0,100.0,100.0,25,16,1144
100.0,100.0,100.0,100.0,100.0,100.0,100.0,100.0,100.0,100.0,100.0,100.0,100.0,100.0,100.0,100.0,-77.0,{'$oid': '5b67e8ea8f041600090ad3e1'},100.0,165,100.0,100.0,100.0,-74.0,-81.0,100.0,100.0,100.0,24,17,1098
100.0,100.0,100.0,100.0,100.0,100.0,100.0,100.0,100.0,100.0,-93.0,100.0,100.0,100.0,100.0,100.0,-83.0,{'$oid': '5b67e8f78f0416000829bf22'},-94.0,175,-95.0,-93.0,100.0,-72.0,-84.0,100.0,100.0,100.0,26,16,1191
100.0,100.0,100.0,100.0,100.0,100.0,100.0,100.0,100.0,100.0,100.0,100.0,100.0,100.0,100.0,100.0,-77.0,{'$oid': '5b67e9018f041600090ad3e2'},100.0,166,100.0,100.0,100.0,-80.0,-79.0,100.0,100.0,100.0,25,17,1145
100.0,100.0,100.0,100.0,100.0,100.0,100.0,100.0,100.0,100.0,-93.0,100.0,100.0,100.0,100.0,100.0,-68.0,{'$oid': '5b67e92c8f041600090ad3e3'},100.0,176,-93.0,-91.0,100.0,-72.0,-72.0,100.0,100.0,100.0,27,16,1238
100.0,100.0,100.0,100.0,100.0,100.0,100.0,100.0,100.0,100.0,100.0,100.0,100.0,100.0,100.0,100.0,-86.0,{'$oid': '5b67e9308f0416000829bf23'},100.0,167,100.0,100.0,100.0,-86.0,-81.0,100.0,100.0,100.0,26,17,1192
100.0,100.0,100.0,100.0,100.0,100.0,100.0,100.0,100.0,100.0,-91.0,100.0,100.0,100.0,100.0,100.0,-79.0,{'$oid': '5b67e94f8f041600090ad3e4'},100.0,177,-94.0,-86.0,100.0,-72.0,-80.0,100.0,100.0,100.0,28,16,1285
100.0,100.0,100.0,100.0,100.0,100.0,100.0,100.0,100.0,100.0,100.0,100.0,100.0,100.0,100.0,100.0,-87.0,{'$oid': '5b67e9548f0416000829bf24'},100.0,168,100.0,100.0,100.0,-73.0,-77.0,100.0,100.0,100.0,27,17,1239
100.0,100.0,100.0,100.0,100.0,100.0,100.0,100.0,100.0,100.0,-91.0,100.0,100.0,100.0,100.0,100.0,-71.0,{'$oid': '5b67e9608f0416000829bf25'},-92.0,178,-94.0,-86.0,100.0,-64.0,-73.0,100.0,100.0,100.0,29,16,1332
100.0,100.0,100.0,100.0,100.0,100.0,100.0,100.0,100.0,100.0,100.0,100.0,100.0,100.0,100.0,100.0,-87.0,{'$oid': '5b67e9768f041600090ad3e5'},100.0,169,100.0,100.0,100.0,-73.0,-81.0,100.0,100.0,100.0,28,17,1286
100.0,100.0,100.0,100.0,100.0,100.0,100.0,100.0,100.0,100.0,100.0,100.0,100.0,100.0,100.0,100.0,-87.0,{'$oid': '5b67e9798f0416000829bf26'},100.0,169,100.0,100.0,100.0,-73.0,-81.0,100.0,100.0,100.0,28,17,1286
100.0,100.0,100.0,100.0,100.0,100.0,100.0,-92.0,100.0,100.0,-91.0,100.0,100.0,100.0,100.0,100.0,-83.0,{'$oid': '5b67e97e8f041600090ad3e6'},-90.0,179,-94.0,-88.0,100.0,-62.0,-68.0,-90.0,100.0,100.0,30,16,1379
100.0,100.0,100.0,100.0,100.0,100.0,100.0,-92.0,100.0,100.0,-91.0,100.0,100.0,100.0,100.0,100.0,-78.0,{'$oid': '5b67e9a78f0416000829bf27'},-86.0,180,-93.0,-85.0,100.0,-60.0,-76.0,-90.0,100.0,100.0,31,16,1426
100.0,100.0,100.0,100.0,100.0,100.0,100.0,100.0,100.0,100.0,100.0,100.0,100.0,100.0,100.0,100.0,-82.0,{'$oid': '5b67e9e98f041600090ad3e7'},-90.0,170,100.0,100.0,100.0,100.0,-77.0,100.0,100.0,100.0,29,20,1336
100.0,100.0,100.0,100.0,100.0,100.0,100.0,100.0,100.0,100.0,100.0,100.0,100.0,100.0,100.0,100.0,-79.0,{'$oid': '5b67ea7a8f0416000829bf28'},100.0,169,100.0,100.0,100.0,-75.0,-75.0,100.0,100.0,100.0,28,17,1286
100.0,100.0,100.0,100.0,100.0,100.0,100.0,100.0,100.0,100.0,100.0,100.0,100.0,100.0,100.0,100.0,100.0,{'$oid': '5b67eaf78f041600090ad3e8'},100.0,172,100.0,100.0,100.0,-76.0,-78.0,100.0,100.0,100.0,31,17,1427
100.0,100.0,100.0,100.0,100.0,100.0,100.0,100.0,100.0,100.0,100.0,100.0,100.0,100.0,100.0,100.0,100.0,{'$oid': '5b67eafd8f041600090ad3e9'},100.0,172,100.0,100.0,100.0,-76.0,-78.0,100.0,100.0,100.0,31,17,1427
100.0,100.0,100.0,100.0,100.0,100.0,100.0,100.0,100.0,100.0,-92.0,100.0,100.0,100.0,100.0,100.0,-84.0,{'$oid': '5b67eb088f041600090ad3ea'},-92.0,172,100.0,-89.0,100.0,-76.0,-81.0,100.0,100.0,100.0,31,17,1427
100.0,100.0,100.0,100.0,100.0,100.0,100.0,100.0,100.0,100.0,-95.0,100.0,100.0,100.0,100.0,100.0,-79.0,{'$oid': '5b67ee1f8f041600090ad3eb'},100.0,1738,100.0,100.0,100.0,-72.0,-70.0,100.0,100.0,100.0,84837,4737,3992029
100.0,100.0,100.0,100.0,100.0,100.0,100.0,100.0,100.0,100.0,-88.0,100.0,100.0,100.0,100.0,100.0,-62.0,{'$oid': '5b67ee898f0416000829bf29'},100.0,157,100.0,100.0,100.0,-69.0,-65.0,100.0,100.0,100.0,24,18,1099
100.0,100.0,100.0,100.0,100.0,100.0,100.0,100.0,100.0,100.0,100.0,100.0,100.0,100.0,100.0,100.0,-72.0,{'$oid': '5b67eef48f041600090ad3ec'},100.0,158,100.0,100.0,100.0,-61.0,-70.0,100.0,100.0,100.0,25,18,1146
100.0,100.0,100.0,100.0,100.0,100.0,100.0,100.0,100.0,100.0,100.0,100.0,100.0,-92.0,100.0,100.0,-76.0,{'$oid': '5b67ef158f0416000829bf2a'},100.0,159,-90.0,100.0,100.0,-66.0,-75.0,100.0,100.0,100.0,26,18,1193
100.0,100.0,100.0,100.0,100.0,100.0,100.0,100.0,100.0,100.0,100.0,100.0,100.0,-81.0,100.0,-86.0,-78.0,{'$oid': '5b67ef328f041600090ad3ed'},100.0,160,-90.0,100.0,100.0,-60.0,-67.0,100.0,100.0,100.0,27,18,1240
100.0,100.0,100.0,100.0,100.0,100.0,100.0,100.0,-81.0,100.0,-91.0,100.0,100.0,-81.0,100.0,-78.0,-71.0,{'$oid': '5b67ef638f041600090ad3ee'},100.0,161,-91.0,100.0,100.0,-60.0,-74.0,100.0,100.0,100.0,28,18,1287
100.0,100.0,100.0,100.0,-57.0,100.0,100.0,-94.0,100.0,100.0,-89.0,100.0,100.0,100.0,100.0,-77.0,-79.0,{'$oid': '5b67ef948f0416000829bf2b'},100.0,161,100.0,-85.0,100.0,-69.0,-72.0,100.0,100.0,100.0,29,18,1334
100.0,100.0,100.0,100.0,-53.0,100.0,100.0,-93.0,100.0,100.0,-89.0,100.0,100.0,100.0,100.0,-85.0,-72.0,{'$oid': '5b67efab8f041600090ad3ef'},100.0,162,100.0,-89.0,100.0,-72.0,-68.0,100.0,100.0,100.0,30,18,1381
100.0,100.0,100.0,100.0,-47.0,100.0,100.0,-93.0,100.0,100.0,-89.0,100.0,100.0,100.0,100.0,-89.0,-75.0,{'$oid': '5b67efbe8f0416000829bf2c'},100.0,163,-90.0,-89.0,100.0,-72.0,-74.0,100.0,100.0,100.0,31,18,1428
100.0,100.0,100.0,100.0,-54.0,100.0,100.0,-93.0,100.0,100.0,100.0,100.0,100.0,100.0,100.0,-92.0,-68.0,{'$oid': '5b67effc8f041600090ad3f0'},100.0,181,-92.0,-89.0,100.0,-69.0,-73.0,100.0,100.0,100.0,24,15,1096
100.0,100.0,100.0,100.0,-51.0,100.0,100.0,-93.0,100.0,100.0,-90.0,100.0,100.0,100.0,100.0,-92.0,-80.0,{'$oid': '5b67f0128f041600090ad3f1'},100.0,182,-92.0,100.0,100.0,-62.0,-68.0,100.0,100.0,100.0,25,15,1143
100.0,100.0,100.0,100.0,-50.0,100.0,100.0,-94.0,100.0,100.0,-89.0,100.0,100.0,100.0,100.0,100.0,-75.0,{'$oid': '5b67f0278f0416000829bf2d'},100.0,183,-95.0,100.0,100.0,-63.0,-72.0,100.0,100.0,100.0,26,15,1190
100.0,100.0,100.0,100.0,-53.0,100.0,100.0,-92.0,100.0,100.0,-90.0,100.0,100.0,100.0,100.0,100.0,-73.0,{'$oid': '5b67f0868f0416000829bf2e'},100.0,184,-94.0,100.0,100.0,-79.0,-61.0,100.0,100.0,100.0,27,15,1237
100.0,100.0,100.0,100.0,-45.0,100.0,100.0,-92.0,100.0,100.0,100.0,100.0,100.0,100.0,100.0,100.0,-77.0,{'$oid': '5b67f0b18f041600090ad3f2'},100.0,185,-92.0,-88.0,100.0,-67.0,-61.0,100.0,100.0,100.0,28,15,1284
100.0,100.0,100.0,100.0,-42.0,100.0,100.0,-93.0,100.0,100.0,-89.0,100.0,100.0,100.0,100.0,100.0,-76.0,{'$oid': '5b67f0cf8f0416000829bf2f'},100.0,186,-92.0,-92.0,100.0,-67.0,-69.0,100.0,100.0,100.0,29,15,1331
100.0,100.0,100.0,100.0,-32.0,100.0,100.0,-91.0,100.0,100.0,-90.0,100.0,100.0,100.0,100.0,100.0,-78.0,{'$oid': '5b67f1028f041600090ad3f3'},100.0,187,-89.0,-90.0,100.0,-63.0,-64.0,100.0,100.0,100.0,30,15,1378
100.0,100.0,100.0,100.0,-32.0,100.0,100.0,-91.0,100.0,100.0,-90.0,100.0,100.0,100.0,100.0,100.0,-81.0,{'$oid': '5b67f1168f041600090ad3f4'},100.0,188,-89.0,-90.0,100.0,-67.0,-67.0,100.0,100.0,100.0,31,15,1425
100.0,100.0,100.0,-94.0,100.0,100.0,100.0,-91.0,100.0,100.0,-90.0,100.0,100.0,100.0,100.0,100.0,-65.0,{'$oid': '5b67f16f8f0416000829bf30'},100.0,189,-92.0,-91.0,100.0,-75.0,-81.0,100.0,100.0,100.0,24,14,1095
100.0,100.0,100.0,100.0,100.0,100.0,100.0,100.0,100.0,100.0,-93.0,100.0,100.0,100.0,100.0,100.0,-62.0,{'$oid': '5b67f1898f041600090ad3f5'},100.0,190,100.0,-91.0,100.0,-67.0,-79.0,100.0,100.0,100.0,25,14,1142
100.0,100.0,100.0,100.0,100.0,100.0,100.0,100.0,100.0,100.0,-93.0,100.0,100.0,100.0,100.0,100.0,-77.0,{'$oid': '5b67f1ab8f0416000829bf31'},100.0,191,-94.0,-92.0,100.0,-75.0,-72.0,100.0,100.0,100.0,26,14,1189
100.0,100.0,100.0,100.0,100.0,100.0,100.0,-93.0,100.0,100.0,-92.0,100.0,100.0,100.0,100.0,100.0,-76.0,{'$oid': '5b67f40d8f041600090ad3f8'},100.0,192,-91.0,-93.0,100.0,-60.0,100.0,100.0,100.0,100.0,27,14,1236
100.0,100.0,100.0,100.0,100.0,100.0,100.0,-94.0,100.0,100.0,-94.0,100.0,100.0,100.0,100.0,100.0,-77.0,{'$oid': '5b67f41f8f041600090ad3f9'},100.0,193,-94.0,-92.0,100.0,-72.0,100.0,100.0,100.0,100.0,28,14,1283
100.0,100.0,100.0,100.0,100.0,100.0,100.0,-93.0,100.0,100.0,-94.0,100.0,100.0,100.0,100.0,100.0,-77.0,{'$oid': '5b67f4398f041600090ad3fa'},100.0,194,-92.0,-93.0,100.0,-61.0,100.0,100.0,100.0,100.0,29,14,1330
100.0,100.0,100.0,100.0,100.0,100.0,100.0,-93.0,100.0,100.0,-93.0,100.0,100.0,100.0,100.0,100.0,-83.0,{'$oid': '5b67f4488f0416000829bf33'},100.0,195,-92.0,-91.0,100.0,-67.0,100.0,100.0,100.0,100.0,30,14,1377
100.0,100.0,100.0,100.0,100.0,100.0,100.0,100.0,100.0,100.0,-89.0,100.0,100.0,100.0,100.0,100.0,-80.0,{'$oid': '5b67f47e8f0416000829bf34'},100.0,196,-92.0,-90.0,100.0,-74.0,100.0,100.0,100.0,100.0,31,14,1424
100.0,100.0,100.0,100.0,100.0,100.0,100.0,-93.0,100.0,100.0,-89.0,100.0,100.0,100.0,100.0,100.0,-81.0,{'$oid': '5b67f4c18f0416000829bf35'},100.0,197,-91.0,-87.0,100.0,-67.0,100.0,100.0,100.0,100.0,24,13,1094
100.0,100.0,100.0,100.0,100.0,100.0,100.0,-93.0,100.0,100.0,-93.0,100.0,100.0,100.0,100.0,100.0,-76.0,{'$oid': '5b67f4d58f041600090ad3fb'},100.0,198,-91.0,-87.0,100.0,-67.0,100.0,100.0,100.0,100.0,25,13,1141
100.0,100.0,100.0,100.0,100.0,100.0,100.0,-92.0,100.0,100.0,-93.0,100.0,100.0,100.0,100.0,100.0,-77.0,{'$oid': '5b67f4e88f0416000829bf36'},100.0,199,-91.0,-87.0,100.0,-72.0,100.0,100.0,100.0,100.0,26,13,1188
100.0,100.0,100.0,100.0,100.0,100.0,100.0,-92.0,100.0,100.0,-89.0,100.0,100.0,100.0,100.0,100.0,-86.0,{'$oid': '5b67f4f98f0416000829bf37'},100.0,200,-90.0,-91.0,100.0,-75.0,100.0,100.0,100.0,100.0,27,13,1235
100.0,100.0,100.0,100.0,100.0,100.0,100.0,-92.0,100.0,100.0,-87.0,100.0,100.0,100.0,100.0,100.0,-81.0,{'$oid': '5b67f50a8f041600090ad3fc'},100.0,201,-90.0,-91.0,100.0,-70.0,100.0,100.0,100.0,100.0,28,13,1282
100.0,100.0,100.0,-96.0,100.0,100.0,100.0,-94.0,100.0,100.0,-86.0,100.0,100.0,100.0,100.0,100.0,-81.0,{'$oid': '5b67f5488f0416000829bf38'},100.0,202,-90.0,-91.0,100.0,-73.0,100.0,100.0,100.0,100.0,29,13,1329
100.0,100.0,100.0,100.0,100.0,100.0,100.0,100.0,100.0,100.0,-92.0,100.0,100.0,100.0,100.0,100.0,-77.0,{'$oid': '5b67f5a18f0416000829bf39'},100.0,203,-91.0,-94.0,100.0,-72.0,100.0,100.0,100.0,100.0,30,13,1376
100.0,100.0,100.0,-96.0,100.0,100.0,100.0,100.0,100.0,100.0,-88.0,100.0,100.0,100.0,100.0,100.0,-83.0,{'$oid': '5b67f5b38f0416000829bf3a'},100.0,204,-87.0,-86.0,100.0,-74.0,100.0,100.0,100.0,100.0,31,13,1423
100.0,100.0,100.0,-96.0,100.0,100.0,100.0,-96.0,100.0,100.0,-88.0,100.0,100.0,100.0,100.0,100.0,-78.0,{'$oid': '5b67f5d88f0416000829bf3b'},100.0,205,-91.0,-85.0,100.0,-73.0,100.0,100.0,100.0,100.0,24,12,1093
100.0,100.0,100.0,-96.0,100.0,100.0,100.0,-96.0,100.0,100.0,-92.0,100.0,100.0,100.0,100.0,100.0,-68.0,{'$oid': '5b67f5e98f0416000829bf3c'},100.0,206,-94.0,-85.0,100.0,-69.0,100.0,100.0,100.0,100.0,25,12,1140
100.0,100.0,100.0,-96.0,100.0,100.0,100.0,-96.0,100.0,100.0,-92.0,100.0,100.0,100.0,100.0,100.0,-70.0,{'$oid': '5b67f5f98f041600090ad3fe'},100.0,207,-89.0,-85.0,100.0,-73.0,100.0,100.0,100.0,100.0,26,12,1187
100.0,100.0,100.0,100.0,100.0,100.0,100.0,-96.0,100.0,100.0,-92.0,100.0,100.0,100.0,100.0,100.0,-72.0,{'$oid': '5b67f6098f041600090ad3ff'},100.0,208,-89.0,-85.0,100.0,-68.0,100.0,100.0,100.0,100.0,27,12,1234
100.0,100.0,100.0,100.0,100.0,100.0,100.0,100.0,100.0,100.0,-91.0,100.0,100.0,100.0,100.0,100.0,-77.0,{'$oid': '5b67f6198f0416000829bf3d'},100.0,209,-89.0,100.0,100.0,-63.0,100.0,100.0,100.0,100.0,28,12,1281
100.0,100.0,100.0,100.0,100.0,100.0,100.0,100.0,100.0,100.0,-91.0,100.0,100.0,100.0,100.0,100.0,-81.0,{'$oid': '5b67f62b8f0416000829bf3e'},100.0,210,-93.0,-93.0,100.0,-65.0,100.0,100.0,100.0,100.0,29,12,1328
100.0,100.0,100.0,100.0,100.0,100.0,100.0,100.0,100.0,100.0,-91.0,100.0,100.0,100.0,100.0,100.0,-77.0,{'$oid': '5b67f63e8f0416000829bf3f'},100.0,211,-93.0,-93.0,100.0,-73.0,100.0,100.0,100.0,100.0,30,12,1375
100.0,100.0,100.0,100.0,100.0,100.0,100.0,-95.0,100.0,100.0,-93.0,100.0,100.0,100.0,100.0,100.0,-78.0,{'$oid': '5b67f64d8f041600090ad400'},100.0,212,-93.0,-91.0,100.0,-72.0,100.0,100.0,100.0,100.0,31,12,1422
100.0,100.0,100.0,100.0,100.0,100.0,100.0,100.0,100.0,100.0,-92.0,100.0,100.0,100.0,100.0,100.0,-74.0,{'$oid': '5b67f7668f041600090ad401'},100.0,213,-94.0,100.0,100.0,100.0,100.0,100.0,100.0,100.0,24,11,1092
100.0,100.0,100.0,100.0,100.0,100.0,100.0,-97.0,100.0,100.0,-91.0,100.0,100.0,100.0,100.0,100.0,-74.0,{'$oid': '5b67f7808f041600090ad402'},100.0,214,-93.0,100.0,100.0,100.0,100.0,100.0,100.0,100.0,25,11,1139
100.0,100.0,100.0,100.0,100.0,100.0,100.0,-92.0,100.0,100.0,-92.0,100.0,100.0,100.0,100.0,100.0,-80.0,{'$oid': '5b67f7928f041600090ad403'},100.0,215,-93.0,-93.0,100.0,100.0,100.0,100.0,100.0,100.0,26,11,1186
100.0,100.0,100.0,100.0,100.0,100.0,100.0,-92.0,100.0,100.0,-92.0,100.0,100.0,100.0,100.0,100.0,-78.0,{'$oid': '5b67f7b98f041600090ad404'},100.0,216,-93.0,-93.0,100.0,100.0,100.0,100.0,100.0,100.0,27,11,1233
100.0,100.0,100.0,100.0,100.0,100.0,100.0,-92.0,100.0,100.0,-92.0,100.0,100.0,100.0,100.0,100.0,-78.0,{'$oid': '5b67f7c68f041600090ad405'},100.0,217,-93.0,-92.0,100.0,100.0,100.0,100.0,100.0,100.0,28,11,1280
100.0,100.0,100.0,100.0,100.0,100.0,100.0,-92.0,100.0,100.0,-92.0,100.0,100.0,100.0,100.0,100.0,-80.0,{'$oid': '5b67f80a8f041600090ad406'},100.0,218,-93.0,-88.0,100.0,100.0,100.0,100.0,100.0,100.0,29,11,1327
100.0,100.0,100.0,100.0,100.0,100.0,100.0,-92.0,100.0,100.0,-88.0,100.0,100.0,100.0,100.0,100.0,-80.0,{'$oid': '5b67f8168f0416000829bf40'},100.0,219,-91.0,-88.0,100.0,100.0,100.0,100.0,100.0,100.0,30,11,1374
100.0,100.0,100.0,100.0,100.0,100.0,100.0,-95.0,100.0,100.0,-89.0,100.0,100.0,100.0,100.0,100.0,-82.0,{'$oid': '5b67f8298f0416000829bf41'},100.0,220,-91.0,-89.0,100.0,100.0,100.0,100.0,100.0,100.0,31,11,1421
100.0,100.0,100.0,-94.0,100.0,100.0,100.0,-93.0,100.0,100.0,-94.0,100.0,100.0,100.0,100.0,100.0,-74.0,{'$oid': '5b67f8498f041600090ad407'},100.0,221,-93.0,-85.0,100.0,100.0,100.0,100.0,100.0,100.0,24,10,1091
100.0,100.0,100.0,-94.0,100.0,100.0,100.0,-93.0,100.0,100.0,-94.0,100.0,100.0,100.0,100.0,100.0,-75.0,{'$oid': '5b67f85c8f0416000829bf42'},100.0,222,-93.0,-85.0,100.0,100.0,100.0,100.0,100.0,100.0,25,10,1138
100.0,100.0,100.0,-94.0,100.0,100.0,100.0,-93.0,100.0,100.0,-94.0,100.0,100.0,100.0,100.0,100.0,-70.0,{'$oid': '5b67f86f8f0416000829bf43'},100.0,223,-94.0,-85.0,100.0,100.0,100.0,100.0,100.0,100.0,26,10,1185
100.0,100.0,100.0,100.0,100.0,100.0,100.0,-93.0,100.0,100.0,-88.0,100.0,100.0,100.0,100.0,100.0,-71.0,{'$oid': '5b67f8828f041600090ad408'},100.0,224,-94.0,-92.0,100.0,100.0,100.0,100.0,100.0,100.0,27,10,1232
100.0,100.0,100.0,100.0,100.0,100.0,100.0,100.0,100.0,100.0,-92.0,100.0,100.0,100.0,100.0,100.0,-73.0,{'$oid': '5b67f8ab8f041600090ad409'},100.0,225,-92.0,-92.0,-95.0,100.0,100.0,100.0,100.0,100.0,28,10,1279
100.0,100.0,100.0,100.0,100.0,100.0,100.0,100.0,100.0,100.0,-92.0,100.0,100.0,100.0,100.0,100.0,-73.0,{'$oid': '5b67f8ba8f041600090ad40a'},100.0,226,-92.0,-92.0,-95.0,100.0,100.0,100.0,100.0,100.0,29,10,1326
100.0,100.0,100.0,100.0,100.0,100.0,100.0,100.0,100.0,100.0,-92.0,100.0,100.0,100.0,100.0,100.0,-77.0,{'$oid': '5b67f8ca8f041600090ad40b'},100.0,227,-92.0,-92.0,-95.0,100.0,100.0,100.0,100.0,100.0,30,10,1373
100.0,100.0,100.0,100.0,100.0,100.0,100.0,-93.0,100.0,100.0,-92.0,100.0,100.0,100.0,100.0,100.0,-78.0,{'$oid': '5b67f8d98f041600090ad40c'},100.0,228,-93.0,100.0,-95.0,100.0,100.0,100.0,100.0,100.0,31,10,1420
